Region,Island,Reef,Latitude,Longitude,Protection_status
Alto Golfo,Animas Norte,AG_ANIMAS,28.696497,-112.931658,area protegida
Alto Golfo,Coronado Norte,AG_CORONADO_MITLAN,29.069818,-113.522121,area protegida
Alto Golfo,Angel de la Guarda,AG_ESTANQUE,29.067038,-113.081497,area protegida
Alto Golfo,Angel de la Guarda,AG_MACHOS,29.283891,-113.497768,area protegida
Alto Golfo,Partida Norte,AG_PARTIDA,28.900188,-113.038225,area protegida
Alto Golfo,Partida Norte,AG_PARTIDA_GILLIGAN,28.891301,-113.044803,area protegida
Alto Golfo,Angel de la Guarda,AG_PUNTA_ROJA,29.027972,-113.190012,area protegida
Alto Golfo,Angel de la Guarda,AG_REFUGIO_NORTE,29.555553,-113.560319,area protegida
Alto Golfo,Angel de la Guarda,AG_REFUGIO_SUR,29.551174,-113.523539,area protegida
Alto Golfo,Baja Norte,AG_SAN_FRANCISQUITO,28.438885,-112.859968,area protegida
Alto Golfo,Angel de la Guarda,AG_SUSPIRO,28.987659,-113.115138,area protegida
Alto Golfo,Islote Alcatraz,ALCATRAZ,29.168623,-113.607147,area protegida
Alto Golfo,Sonora,BAJO_JOMA,27.927945,-111.052126,sin proteccion
Alto Golfo,Cabeza de Caballo,CABEZA_CABALLO,28.966373,-113.476939,area protegida
Alto Golfo,Baja Norte,CANTILES_GUADALUPE,29.197441,-113.638887,area protegida
Alto Golfo,Baja Norte,CHOROS,28.839478,-113.246814,area protegida
Alto Golfo,Coronado Norte,CORONADITO,29.096397,-113.530829,area protegida
Alto Golfo,Coronado Norte,CORONADO_PUNTA_ESTE,29.074067,-113.502283,area protegida
Alto Golfo,Coronado Norte,CORONADO_TIJERETAS,29.037442,-113.489783,area protegida
Alto Golfo,Baja Norte,DON_JUAN,28.959777,-113.438793,area protegida
Alto Golfo,Gemelo del Faro,GEMELO_FARO,28.956861,-113.476823,area protegida
Alto Golfo,Baja Norte,HERRADURA,28.947622,-113.479923,area protegida
Alto Golfo,Llave,LLAVE,28.998567,-113.521292,area protegida
Alto Golfo,Baja Norte,PESCADOR,28.935405,-113.382567,area protegida
Alto Golfo,Baja Norte,PUERTO_DON_JUAN,28.950161,-113.450698,area protegida
Alto Golfo,Baja Norte,QUEMADO,28.951232,-113.426138,area protegida
Alto Golfo,Racito,RACITO,29.014756,-113.504526,area protegida
Alto Golfo,Salsipuedes,SALSIPUEDES,28.718918,-112.948851,area protegida
Alto Golfo,Salsipuedes,SALSIPUEDES,28.718912,-112.948855,area protegida
Alto Golfo,Salsipuedes,SALSIPUEDES,28.718914,-112.948859,area protegida
Alto Golfo,Sonora,SAN_CARLOS_SON,27.927795,-111.058828,sin proteccion
Alto Golfo,San Esteban,SAN_ESTEBAN_NOROESTE,28.721161,-112.611261,area protegida
Alto Golfo,San Esteban,SAN_ESTEBAN_NOROESTE,28.721169,-112.611268,area protegida
Alto Golfo,San Esteban,SAN_ESTEBAN_SUR,28.664925,-112.548377,area protegida
Alto Golfo,San Pedro Martir,SAN_PEDRO_MARTIR_LOBERA_NORTE,28.387808,-112.297151,area protegida
Alto Golfo,San Pedro Martir,SAN_PEDRO_MARTIR_PINACULOS,28.368839,-112.301943,area protegida
Alto Golfo,San Pedro Martir,SAN_PEDRO_MARTIR_PINACULOS,28.368824,-112.301948,area protegida
Alto Golfo,San Pedro Martir,SAN_PEDRO_MARTIR_PINACULOS,28.368833,-112.301941,area protegida
Alto Golfo,San Pedro Martir,SAN_PEDRO_MARTIR_PUNTA_NORTE,28.388724,-112.314769,area protegida
Alto Golfo,San Pedro Nolasco,SAN_PEDRO_NOLASCO,27.951575,-111.366683,sin proteccion
Alto Golfo,San Pedro Nolasco,SAN_PEDRO_NOLASCO,27.956015,-111.364713,sin proteccion
Alto Golfo,Baja Norte,TORSON,28.839987,-113.261207,area protegida
Alto Golfo,Turner,TURNER,28.715522,-112.291984,sin proteccion
Alto Golfo,Turner,TURNER,28.715529,-112.291989,sin proteccion
Alto Golfo,Ventana,VENTANA,28.990807,-113.495004,area protegida
Bahia Banderas,Jalisco,BAJO_MANTA,20.452631,-105.661898,sin proteccion
Bahia Banderas,Jalisco,CABO_CORRIENTE,20.416839,-105.695083,sin proteccion
Bahia Banderas,Jalisco,CHIMO,20.497152,-105.559876,sin proteccion
Bahia Banderas,Jalisco,IGLESIAS,20.479781,-105.621211,sin proteccion
Bahia Banderas,Jalisco,MARIETAS_MORRITO,20.669571,-105.656431,sin proteccion
Bahia Banderas,Jalisco,MARIETAS_MORRO,20.683888,-105.614166,sin proteccion
Bahia Banderas,Jalisco,MARIETAS_ROCAS_GEMELAS,20.697222,-105.591111,sin proteccion
Cabo Pulmo,Baja Sur,ARRECIFE_MARIO,23.425523,-109.404161,cabo pulmo
Cabo Pulmo,Baja Sur,BAJO_CABO_PULMO,23.457861,-109.405463,cabo pulmo
Cabo Pulmo,Baja Sur,BARRA_PRIMERA,23.434781,-109.424377,cabo pulmo
Cabo Pulmo,Baja Sur,BLEDITO,23.361148,-109.421591,cabo pulmo
Cabo Pulmo,Baja Sur,CANTIL_MEDIO,23.434309,-109.414791,cabo pulmo
Cabo Pulmo,Baja Sur,CANTILES_CABO_PULMO,23.438823,-109.410821,cabo pulmo
Cabo Pulmo,Baja Sur,CASITAS,23.403539,-109.414811,cabo pulmo
Cabo Pulmo,Baja Sur,ESPERANZA,23.424715,-109.408303,cabo pulmo
Cabo Pulmo,Baja Sur,GAVILANES_CABO_PULMO,23.452161,-109.424501,cabo pulmo
Cabo Pulmo,Baja Sur,ISLOTE_CABO_PULMO,23.407997,-109.413338,cabo pulmo
Cabo Pulmo,Baja Sur,ISLOTE_CABO_PULMO,23.407992,-109.413332,cabo pulmo
Cabo Pulmo,Baja Sur,LINEA,23.319897,-109.417391,cabo pulmo
Cabo Pulmo,Baja Sur,LISAS,23.458291,-109.428915,cabo pulmo
Cabo Pulmo,Baja Sur,LOBERA_CABO_PULMO,23.384551,-109.412618,cabo pulmo
Cabo Pulmo,Baja Sur,MORROS_CABO_PULMO,23.461938,-109.407203,cabo pulmo
Cabo Pulmo,Baja Sur,NAVAJAS,23.446164,-109.416728,cabo pulmo
Cabo Pulmo,Baja Sur,PIEDRAS_BOLAS,23.355254,-109.422322,cabo pulmo
Cabo Pulmo,Baja Sur,POTANCO,23.381516,-109.420505,cabo pulmo
Cabo Pulmo,Baja Sur,TACHUELAS,23.492131,-109.457481,cabo pulmo
Corredor,Baja Sur,ARCO_PUNTA_ALTA,24.991151,-110.749478,sin proteccion
Corredor,Baja Sur,BARRA_SAN_COSME,25.568533,-111.143117,sin proteccion
Corredor,Baja Sur,BOTAFUEGO,24.763685,-110.664045,sin proteccion
Corredor,Baja Sur,BURROS,25.032361,-110.803731,sin proteccion
Corredor,San Jose Sur,CALABOZO,25.106564,-110.703969,sin proteccion
Corredor,Baja Sur,CARRIZALITO,25.347233,-110.978601,sin proteccion
Corredor,Baja Sur,CUEVAS,24.952031,-110.733271,sin proteccion
Corredor,Baja Sur,HABANA,25.129618,-110.861821,refugio pesquero
Corredor,Baja Sur,HABANA,25.129626,-110.860275,refugio pesquero
Corredor,Baja Sur,ISLOTE_AGUA_VERDE,25.532478,-111.063858,refugio pesquero
Corredor,Baja Sur,ISLOTE_AGUA_VERDE,25.532671,-111.063687,refugio pesquero
Corredor,Baja Sur,MONTEALBAN,25.209148,-110.915061,sin proteccion
Corredor,Baja Sur,NIDOS,25.277751,-110.933121,sin proteccion
Corredor,San Jose Sur,PARDITO_ARRECIFE,24.851796,-110.585851,refugio pesquero
Corredor,San Jose Sur,PARDITO_BAJO,24.839214,-110.608598,sin proteccion
Corredor,San Jose Sur,PARDITO_BAJO,24.839211,-110.608591,sin proteccion
Corredor,San Jose Sur,PARDITO_CAYO,24.873233,-110.603751,refugio pesquero
Corredor,San Jose Sur,PARDITO_FARO_LOBERA,24.842937,-110.605687,sin proteccion
Corredor,San Jose Sur,PARDITO_REFUGIO,24.853533,-110.579633,refugio pesquero
Corredor,Baja Sur,PORTUGUES,24.747083,-110.677231,sin proteccion
Corredor,Baja Sur,PUNTA_BERRENDO,25.510458,-111.015583,sin proteccion
Corredor,Baja Sur,PUNTA_BOTELLA,25.292517,-110.93405,refugio pesquero
Corredor,Baja Sur,PUNTA_COYOTE,24.706066,-110.688271,refugio pesquero
Corredor,Baja Sur,PUNTA_COYOTE,24.706071,-110.688265,refugio pesquero
Corredor,Baja Sur,PUNTA_MECHUDO,24.809281,-110.659191,sin proteccion
Corredor,San Jose Sur,PUNTA_TS,25.031541,-110.589031,sin proteccion
Corredor,Baja Sur,REFUGIO_MORENA,25.245621,-110.922071,refugio pesquero
Corredor,Baja Sur,REFUGIO_SAN_MARCIAL,25.530862,-111.004843,refugio pesquero
Corredor,Baja Sur,SAN_CARLOS,25.330172,-110.953441,sin proteccion
Corredor,San Dieguito,SAN_DIEGO_ABNEGADO,25.182633,-110.710011,refugio pesquero
Corredor,San Dieguito,SAN_DIEGUITO_NORTE,25.203031,-110.694921,sin proteccion
Corredor,Baja Sur,SAN_EVARISTO,24.911377,-110.704946,sin proteccion
Corredor,Baja Sur,SAN_EVARISTO_PUNTA_NORTE,24.919291,-110.702781,sin proteccion
Corredor,San Francisco Sur,SAN_FRANCISCO_PUNTA_NORTE_FARO,24.842971,-110.566011,refugio pesquero
Corredor,San Francisco Sur,SAN_FRANCISCO_PUNTA_SUR,24.813921,-110.564321,sin proteccion
Corredor,San Francisco Sur,SAN_FRANCISQUITO_1M_BAJO,24.810348,-110.579678,sin proteccion
Corredor,San Francisco Sur,SAN_FRANCISQUITO_ADENTRO_BAJO,24.810612,-110.530208,sin proteccion
Corredor,San Francisco Sur,SAN_FRANCISQUITO_AFUERA_BAJO,24.810008,-110.520191,sin proteccion
Corredor,San Jose Sur,SAN_JOSE_ANIMAS_NORTE,25.089485,-110.566779,sin proteccion
Corredor,San Jose Sur,SAN_JOSE_ANIMAS_PINACULOS,25.089468,-110.566743,sin proteccion
Corredor,San Jose Sur,SAN_JOSE_BAJO,25.118739,-110.708488,sin proteccion
Corredor,San Jose Sur,SAN_JOSE_PUNTA_SUR,24.884011,-110.525311,sin proteccion
Corredor,Baja Sur,SAN_MATEO_NORTE,25.365767,-110.984417,refugio pesquero
Corredor,Baja Sur,SAN_MATEO_SUR,25.356511,-110.981141,sin proteccion
Corredor,Santa Cruz,SANTA_CRUZ_NORTE,25.306181,-110.712471,sin proteccion
Corredor,Santa Cruz,SANTA_CRUZ_SUR,25.259452,-110.717971,sin proteccion
Islas Marias,Maria Cleofas,MARIA_CLEOFAS_10,21.273651,-106.233421,marias
Islas Marias,Maria Cleofas,MARIA_CLEOFAS_11,21.316841,-106.291031,marias
Islas Marias,Maria Cleofas,MARIA_CLEOFAS_12,21.335541,-106.242421,marias
Islas Marias,Maria Cleofas,MARIA_CLEOFAS_13,21.303391,-106.224501,marias
Islas Marias,Maria Cleofas,MARIA_CLEOFAS_9,21.288931,-106.257421,marias
Islas Marias,Maria Madre,MARIA_MADRE_14,21.539851,-106.531291,marias
Islas Marias,Maria Madre,MARIA_MADRE_15,21.599441,-106.631441,marias
Islas Marias,Maria Madre,MARIA_MADRE_16,21.662981,-106.537341,marias
Islas Marias,Maria Madre,MARIA_MADRE_2,21.569751,-106.513011,marias
Islas Marias,Maria Madre,MARIA_MADRE_21,21.698441,-106.663601,marias
Islas Marias,Maria Madre,MARIA_MADRE_22,21.698651,-106.653311,marias
Islas Marias,Maria Magdalena,MARIA_MAGDALENA_3,21.421371,-106.384961,marias
Islas Marias,Maria Magdalena,MARIA_MAGDALENA_4,21.421121,-106.415001,marias
Islas Marias,Maria Magdalena,MARIA_MAGDALENA_5,21.434606,-106.446997,marias
Islas Marias,Maria Magdalena,MARIA_MAGDALENA_6,21.450911,-106.484891,marias
Islas Marias,Maria Magdalena,MARIA_MAGDALENA_7,21.465491,-106.498591,marias
Islas Marias,Maria Magdalena,MARIA_MAGDALENA_8,21.458634,-106.355358,marias
Islas Marias,San Juanito Marias,SAN_JUANITO_17,21.773131,-106.670001,marias
Islas Marias,San Juanito Marias,SAN_JUANITO_18,21.741171,-106.701771,marias
Islas Marias,San Juanito Marias,SAN_JUANITO_19,21.738611,-106.701741,marias
Islas Marias,San Juanito Marias,SAN_JUANITO_20,21.708731,-106.675311,marias
Islas Marias,San Juanito Marias,SAN_JUANITO_23,21.754321,-106.660101,marias
Islas Marias,San Juanito Marias,SAN_JUANITO_24,21.761481,-106.661421,marias
Islas Marias,San Juanito Marias,SAN_JUANITO_25,21.738761,-106.703351,marias
La Paz,Baja Sur,BALANDRA,24.321321,-110.317736,area protegida
La Paz,Baja Sur,BALANDRA_CARDON,24.318203,-110.338169,area protegida
La Paz,Baja Sur,CALERITA,24.354349,-110.283917,sin proteccion
La Paz,Espiritu Santo,ESPIRITU_SANTO_ARCO_PUNTA_ESTE,24.523333,-110.334444,area protegida
La Paz,Espiritu Santo,ESPIRITU_SANTO_BAJO,24.687731,-110.262588,sin proteccion
La Paz,Espiritu Santo,ESPIRITU_SANTO_BALLENA,24.482352,-110.399837,area protegida
La Paz,Espiritu Santo,ESPIRITU_SANTO_BALLENA,24.479278,-110.409518,area protegida
La Paz,Espiritu Santo,ESPIRITU_SANTO_BONANZA_BAJO,24.450774,-110.281224,area protegida
La Paz,Espiritu Santo,ESPIRITU_SANTO_CATEDRAL_BAJO,24.445061,-110.385906,area protegida
La Paz,Espiritu Santo,ESPIRITU_SANTO_EMPACHADO,24.447221,-110.378331,area protegida
La Paz,Espiritu Santo,ESPIRITU_SANTO_GALLINA,24.456504,-110.383984,area protegida
La Paz,Espiritu Santo,ESPIRITU_SANTO_GALLO,24.466619,-110.385076,area protegida
La Paz,Espiritu Santo,ESPIRITU_SANTO_ISLOTES,24.598886,-110.399175,area protegida
La Paz,Espiritu Santo,ESPIRITU_SANTO_ISLOTES,24.597609,-110.401444,area protegida
La Paz,Espiritu Santo,ESPIRITU_SANTO_ISLOTES_ESTE,24.598899,-110.399831,area protegida
La Paz,Espiritu Santo,ESPIRITU_SANTO_ISLOTES_NORTE,24.599432,-110.401188,area protegida
La Paz,Espiritu Santo,ESPIRITU_SANTO_MONO,24.506389,-110.325278,area protegida
La Paz,Espiritu Santo,ESPIRITU_SANTO_PAILEBOTE,24.504571,-110.308406,area protegida
La Paz,Espiritu Santo,ESPIRITU_SANTO_PARTIDA_NORESTE,24.562008,-110.366446,area protegida
La Paz,Espiritu Santo,ESPIRITU_SANTO_PUNTA_LOBOS,24.475421,-110.289305,area protegida
La Paz,Espiritu Santo,ESPIRITU_SANTO_SALVATIERRA,24.384111,-110.294241,sin proteccion
La Paz,Espiritu Santo,ESPIRITU_SANTO_SAN_GABRIEL,24.413891,-110.354441,area protegida
La Paz,Espiritu Santo,ESPIRITU_SANTO_SOANY,24.391116,-110.304853,sin proteccion
La Paz,Espiritu Santo,ESPIRITU_SANTO_TIJERETAS,24.571596,-110.414701,area protegida
La Paz,Gaviota,GAVIOTA,24.288161,-110.340196,area protegida
La Paz,Gaviota,GAVIOTA,24.286825,-110.341186,area protegida
La Paz,Merito,MERITO,24.300681,-110.338561,area protegida
La Paz,Merito,MERITO_NORTE,24.302277,-110.338071,area protegida
La Paz,Baja Sur,MOGOTE,24.149561,-110.367771,sin proteccion
La Paz,Baja Sur,NEPOMUCENO,24.258791,-110.337034,sin proteccion
La Paz,Baja Sur,PULGUERO,24.351467,-110.245671,sin proteccion
La Paz,Baja Sur,PUNTA_DIABLO,24.312799,-110.337202,sin proteccion
La Paz,Baja Sur,ROFOMEX,24.395547,-110.682765,sin proteccion
La Paz,Baja Sur,SAN_JUAN_COSTA,24.352989,-110.674401,sin proteccion
La Ventana,Cerralvo,CERRALVO_BALISA,24.144871,-109.863211,sin proteccion
La Ventana,Cerralvo,CERRALVO_CARPINTERO,24.325098,-109.939613,sin proteccion
La Ventana,Cerralvo,CERRALVO_CARPINTERO,24.325033,-109.940414,sin proteccion
La Ventana,Cerralvo,CERRALVO_NORTE,24.374969,-109.932606,sin proteccion
La Ventana,Cerralvo,CERRALVO_PUNTA_SUR_ESTE,24.136251,-109.801504,sin proteccion
La Ventana,Cerralvo,CERRALVO_REINA,24.388762,-109.939961,sin proteccion
La Ventana,Cerralvo,CERRALVO_SUR_BAJO,24.129707,-109.797021,sin proteccion
La Ventana,Baja Sur,CRUCES,24.216311,-110.088871,sin proteccion
La Ventana,Baja Sur,ISLOTE_ROSARIO,24.251111,-110.149041,sin proteccion
La Ventana,Baja Sur,MUERTOS,24.249722,-110.150001,sin proteccion
La Ventana,Baja Sur,PUNTA_ARENAS,24.043448,-109.825199,sin proteccion
La Ventana,Baja Sur,PUNTA_GORDA,24.169829,-110.017467,sin proteccion
La Ventana,Baja Sur,PUNTA_GRIETA,24.278151,-110.184031,sin proteccion
La Ventana,Baja Sur,PUNTA_PALMA,24.222161,-110.107911,sin proteccion
La Ventana,Baja Sur,PUNTA_PERICO,24.014233,-109.806733,sin proteccion
La Ventana,Baja Sur,PUNTA_RESBALADILLA,24.195521,-110.060151,sin proteccion
La Ventana,Baja Sur,VENTANA_SUR,24.040614,-109.892769,sin proteccion
Loreto,Carmen,CARMEN_ABISMO,25.841984,-111.232972,area protegida
Loreto,Carmen,CARMEN_ABISMO,25.841989,-111.232975,area protegida
Loreto,Carmen,CARMEN_BAJO_SUR,25.770541,-111.180856,area protegida
Loreto,Carmen,CARMEN_CAMELLO,25.959242,-111.133537,area protegida
Loreto,Carmen,CARMEN_CHOYA,26.044271,-111.178879,area protegida
Loreto,Carmen,CARMEN_COCODRILOS,25.972717,-111.185227,area protegida
Loreto,Carmen,CARMEN_CUEVITAS,25.940501,-111.201171,area protegida
Loreto,Carmen,CARMEN_PUNTA_LOBOS,26.068839,-111.070127,area protegida
Loreto,Carmen,CARMEN_PUNTA_MESETA,25.869225,-111.181911,area protegida
Loreto,Carmen,CARMEN_PUNTA_PERICO,25.965265,-111.067303,area protegida
Loreto,Carmen,CARMEN_TINTORERA,26.064886,-111.131847,area protegida
Loreto,Catalana,CATALANA_ANEGADO_SUR,25.600278,-110.755278,area protegida
Loreto,Catalana,CATALANA_ANEGADO_SUR,25.600272,-110.755272,area protegida
Loreto,Catalana,CATALANA_BAJO,25.522776,-110.778288,area protegida
Loreto,Catalana,CATALANA_ELEFANTE,25.600935,-110.779707,area protegida
Loreto,Catalana,CATALANA_PUNTA_ARENAS,25.671111,-110.766667,area protegida
Loreto,Catalana,CATALANA_PUNTA_NORTE,25.713889,-110.774444,area protegida
Loreto,Catalana,CATALANA_PUNTA_OESTE,25.685011,-110.799167,area protegida
Loreto,Catalana,CATALANA_PUNTA_SUR,25.593158,-110.759095,area protegida
Loreto,Coronado Sur,CORONADO_ISLOTE,26.106821,-111.305713,area protegida
Loreto,Coronado Sur,CORONADO_LAJAS,26.126188,-111.258743,area protegida
Loreto,Coronado Sur,CORONADO_MONO,26.135304,-111.279106,area protegida
Loreto,Coronado Sur,CORONADO_PUNTA_BLANCA,26.137812,-111.265291,area protegida
Loreto,Danzante,DANZANTE_BIZNAGA,25.815202,-111.260062,area protegida
Loreto,Danzante,DANZANTE_PUNTA_ESTE,25.788956,-111.242819,area protegida
Loreto,Danzante,DANZANTE_PUNTA_NOROESTE,25.800718,-111.257608,area protegida
Loreto,Danzante,DANZANTE_PUNTA_SURESTE,25.763561,-111.243521,area protegida
Loreto,Baja Sur,LORETO_ISLOTE_BLANCO,25.743735,-111.225664,area protegida
Loreto,Baja Sur,LORETO_ISLOTE_JUNCALITO,25.841111,-111.315833,area protegida
Loreto,Baja Sur,LORETO_NOPOLO,25.917222,-111.342222,area protegida
Loreto,Baja Sur,LORETO_PUERTO_ESCONDIDO,25.811389,-111.291667,area protegida
Loreto,Baja Sur,LORETO_PUNTA COLORADA,26.153131,-111.357274,area protegida
Loreto,Baja Sur,LORETO_PUNTA_ALTA,25.913908,-111.340281,area protegida
Loreto,Baja Sur,LORETO_SAN_COSME_CANDELERO,25.679738,-111.174872,area protegida
Loreto,Baja Sur,LORETO_TEPETATE,26.124722,-111.347501,area protegida
Loreto,Baja Sur,MIRADOR_LORETO,25.848924,-111.330871,area protegida
Loreto,Moserrat,MONSERRAT_GALERAS,25.742757,-111.046611,area protegida
Loreto,Moserrat,MONSERRAT_GALERAS_ESTE,25.741161,-111.042364,area protegida
Loreto,Moserrat,MONSERRAT_PUNTA_NOROESTE,25.708457,-111.059881,area protegida
Loreto,Moserrat,MONSERRAT_PUNTA_PLANA,25.660023,-111.045328,area protegida
Loreto,Moserrat,MONSERRAT_PUNTA_SURESTE,25.675881,-111.011271,area protegida
Loreto,Moserrat,MONSERRAT_REINITA,25.747822,-111.060217,area protegida
Los Cabos,Baja Sur,ANEGADA,22.878553,-109.898835,sin proteccion
Los Cabos,Baja Sur,ANEGADA,22.878556,-109.898838,sin proteccion
Los Cabos,Baja Sur,ARCO_SAN_LUCAS,22.876139,-109.892835,sin proteccion
Los Cabos,Baja Sur,BAJO_GOLFITO_SAN_LUCAS,22.875908,-109.890698,sin proteccion
Los Cabos,Baja Sur,CABEZA_BALLENA_CSL,22.902206,-109.842622,sin proteccion
Los Cabos,Baja Sur,CASA_ROJA_CSL,22.898756,-109.856611,sin proteccion
Los Cabos,Baja Sur,CHILENO,22.946031,-109.803661,sin proteccion
Los Cabos,Baja Sur,DEDO_NEPTUNO,22.877203,-109.895233,sin proteccion
Los Cabos,Baja Sur,GAVILANCITO_CSL,22.939631,-109.806361,sin proteccion
Los Cabos,Baja Sur,GIORGIO,22.896039,-109.866002,sin proteccion
Los Cabos,Baja Sur,PALMILLA_ESCALONES,22.99705,-109.72245,sin proteccion
Los Cabos,Baja Sur,PALMILLA_REGINA,22.98855,-109.732367,sin proteccion
Los Cabos,Baja Sur,PALMILLA_SAN_JOSE,23.005917,-109.711367,sin proteccion
Los Cabos,Baja Sur,PUNTA_OLMECA_CSL,22.897225,-109.874944,sin proteccion
Los Cabos,Baja Sur,SANTA_MARIA,22.927461,-109.815316,sin proteccion
Revillagigedo,Clarion,CLARION_ROCA_CUERVO,18.346265,-114.701588,area protegida
Revillagigedo,Clarion,CLARION_ROCA_CUERVO,18.346267,-114.701585,area protegida
Revillagigedo,Clarion,CLARION_ROCA_MONUMENTO,18.366144,-114.756671,area protegida
Revillagigedo,Clarion,CLARION_ROCA_MONUMENTO,18.370001,-114.757826,area protegida
Revillagigedo,Partida Revillagigedo,ROCA_PARTIDA,19.008889,-112.082222,area protegida
Revillagigedo,San Benedicto,SAN_BENEDICTO_BOILER,19.330164,-110.813931,area protegida
Revillagigedo,San Benedicto,SAN_BENEDICTO_CANION,19.297801,-110.804694,area protegida
Revillagigedo,San Benedicto,SAN_BENEDICTO_CANION,19.297805,-110.804699,area protegida
Revillagigedo,San Benedicto,SAN_BENEDICTO_CANION,19.297809,-110.804685,area protegida
Revillagigedo,San Benedicto,SAN_BENEDICTO_PARTE_NORTE,19.331989,-110.801966,area protegida
Revillagigedo,Socorro,SOCORRO_BAHIA_NAVAL,18.723401,-110.945997,area protegida
Revillagigedo,Socorro,SOCORRO_BAJO_PEDRO,18.749212,-111.016074,area protegida
Revillagigedo,Socorro,SOCORRO_BAJO_PEDRO,18.749215,-111.016071,area protegida
Revillagigedo,Socorro,SOCORRO_CABO_PEARCE_NORTE,18.780215,-110.909349,area protegida
Revillagigedo,Socorro,SOCORRO_CABO_PEARCE_SUR,18.777305,-110.910117,area protegida
Revillagigedo,Socorro,SOCORRO_PUNTA_NORTE,18.864001,-110.982156,area protegida
Revillagigedo,Socorro,SOCORRO_PUNTA_NORTE,18.864005,-110.982158,area protegida
Revillagigedo,Socorro,SOCORRO_PUNTA_TOSCA,18.779961,-111.047151,area protegida
Revillagigedo,Socorro,SOCORRO_ROCA_ONEIL,18.832156,-111.057384,area protegida
Santa Rosalia,Coyote,BAHIA_CONCEPCION_COYOTE,26.723622,-111.883718,sin proteccion
Santa Rosalia,Baja Sur,BAHIA_CONCEPCION_SANTISPAC,26.763119,-111.892649,sin proteccion
Santa Rosalia,Santa Ines,INES_CHICA,27.049817,-111.905024,sin proteccion
Santa Rosalia,Santa Ines,INES_GRANDE,27.058929,-111.909899,sin proteccion
Santa Rosalia,Baja Sur,PULPITO,26.516189,-111.442401,sin proteccion
Santa Rosalia,San Idelfonso,SAN_ILDEFONSO,26.623724,-111.429816,sin proteccion
Santa Rosalia,San Marcos,SAN_MARCOS_ESTE,27.223216,-112.045528,sin proteccion
Santa Rosalia,San Marcos,SAN_MARCOS_ISLOTES,27.265951,-112.091868,sin proteccion
Santa Rosalia,Tortuga,TORTUGA_PUNTA_OESTE,27.450869,-111.902138,sin proteccion
Santa Rosalia,Tortuga,TORTUGA_PUNTA_SUR,27.429888,-111.862531,sin proteccion
Santa Rosalia,Tortuga,TORTUGA_PUNTA_SUR,27.429882,-111.862539,sin proteccion
Santa Rosalia,Baja Sur,TRINIDAD,27.775541,-112.704351,sin proteccion
Galapagos,Isabela,ABERMARLE_1,0.161576,-91.345364,
Galapagos,Isabela,ABERMARLE_2,0.160178,-91.361832,
Galapagos,Isabela,ABERMARLE_3,0.155076,-91.365055,
Galapagos,Santa Cruz,BAHIA_TORTUGA_1,-0.762814,-90.343791,
Galapagos,Isabela,BALEADO_1,-0.674428,-91.212892,
Galapagos,Isabela,BALLENA_1,-0.812561,-90.827206,
Galapagos,Floreana,BARONESA_1,-1.227800,-90.439710,
Galapagos,Santiago,BOMBA_2,-0.183740,-90.700340,
Galapagos,Santiago,BOMBA_3,-0.176770,-90.700630,
Galapagos,Isabela,CARTAGO_1,-0.622571,-90.916856,
Galapagos,Isabela,CARTAGO_2,-0.629000,-90.920109,
Galapagos,Isabela,CARTAGO_3,-0.626130,-90.925310,
Galapagos,Isabela,CARTAGO_4,-0.625645,-90.934800,
Galapagos,Isabela,CARTAGO_5,-0.619673,-90.949340,
Galapagos,Isabela,CARTAGO_6,-0.576322,-90.981011,
Galapagos,Isabela,CARTAGO_7,-0.574300,-90.974420,
Galapagos,Isabela,CARTAGO_CHICO_1,-0.653216,-90.868574,
Galapagos,Isabela,CARTAGO_CHICO_2,-0.623200,-90.891965,
Galapagos,Isabela,CERRO_COLORADO_1,-0.481768,-91.219573,
Galapagos,Floreana,CHAMPION_1,-1.236810,-90.387700,
Galapagos,Floreana,CHAMPION_2,-1.238950,-90.402850,
Galapagos,Isabela,DEREK_2,-0.638750,-91.091780,
Galapagos,Isabela,DEREK_3,-0.640990,-91.094710,
Galapagos,Isabela,DEREK_CONTROL_3,-0.640970,-91.094710,
Galapagos,Santa Cruz,GARRAPATERO_1,-0.702900,-90.224860,
Galapagos,Baltra,ITABACA_1,-0.485030,-90.286870,
Galapagos,Santa Cruz,ITABACA_2,-0.487530,-90.275920,
Galapagos,Santa Cruz,ITABACA_3,-0.485630,-90.259520,
Galapagos,Isabela,MARIELAS_1,-0.596510,-91.072230,
Galapagos,Isabela,MARIELAS_2,-0.598199,-91.090241,
Galapagos,Isabela,MARIELAS_3,-0.595027,-91.090624,
Galapagos,Santa Cruz,PARROQUIANOS_1,-0.756240,-90.421400,
Galapagos,Santa Cruz,PARROQUIANOS_2,-0.753950,-90.425150,
Galapagos,Floreana,POST_OFFICE_1,-1.235290,-90.452590,
Galapagos,Santiago,POZA_AZUL_1,-0.347700,-90.672180,
Galapagos,Fernandina,POZA_PATILLOS_1,-0.343705,-91.388415,
Galapagos,Fernandina,POZA_PATILLOS_2,-0.358760,-91.384980,
Galapagos,San Cristobal,POZA_SARDINAS_1,-0.717210,-89.389120,
Galapagos,San Cristobal,POZA_SARDINAS_2,-0.716480,-89.390750,
Galapagos,San Cristobal,PUERTO_GRANDE_1,-0.799370,-89.468700,
Galapagos,San Cristobal,PUERTO_GRANDE_2,-0.803450,-89.470430,
Galapagos,Santiago,PUERTO_NUEVO_1,-0.320630,-90.833510,
Galapagos,Santiago,PUERTO_NUEVO_2,-0.298810,-90.833280,
Galapagos,Santiago,PUERTO_NUEVO_3,-0.273710,-90.854180,
Galapagos,Fernandina,PUNTA_ESPINOZA_1,-0.269452,-91.447460,
Galapagos,Fernandina,PUNTA_ESPINOZA_2,-0.273861,-91.446126,
Galapagos,Fernandina,PUNTA_MANGLE_1,-0.453435,-91.388506,
Galapagos,Isabela,PUNTA_MORENO_1,-0.710686,-91.336737,
Galapagos,Santa Cruz,ROCA_FUERTE_1,-0.686420,-90.195370,
Galapagos,Santiago,SARTEN_1,-0.209150,-90.626310,
Galapagos,Santiago,SARTEN_CONTROL_1,-0.209130,-90.626310,
Galapagos,Santa Cruz,TORTUGA_NEGRA_1,-0.501860,-90.332270,
Galapagos,Santa Cruz,TORTUGA_NEGRA_2,-0.502960,-90.326480,
Galapagos,Santa Cruz,TORTUGA_NEGRA_3,-0.496160,-90.332010,
Galapagos,Isabela,URBINA_1,-0.37685,-91.2636,
Galapagos,Isabela,URBINA_2,-0.37957,-91.26198,
Alto Golfo,Angel de la Guarda,PUNTA_DIABLO_ANGEL_GUARDA,29.289891,-113.186531,area protegida
Alto Golfo,Animas Norte,AG_ANIMAS_LAVADERO,28.698651,-112.904691,area protegida
Santa Rosalia,San Idelfonso,SAN_ILDEFONSO_SURESTE,26.626691,-111.424781,sin proteccion
Huatulco,Oaxaca,CACALUTA,15.716184,-96.161845,area protegida
Huatulco,Oaxaca,ENTREGA,15.743972,-96.12606,area protegida
Huatulco,Montosa,MONTOSA,15.762483,-96.082865,area protegida
Huatulco,Oaxaca,RISCALILLO,15.696737,-96.224215,area protegida
Huatulco,Oaxaca,SAN_AGUSTIN,15.685504,-96.236453,area protegida
Huatulco,Oaxaca,VIOLIN,15.735648,-96.131308,area protegida
Huatulco,Oaxaca,ORGANO,15.736742,-96.14406,area protegida
Huatulco,Oaxaca,INDIA,15.709876,-96.197878,area protegida
Loreto,Coronado Sur,CORONADO_PUNTA_LOBOS ,26.13287,-111.26103,area protegida
Ixtapa,Ixtapa_Zihuatanejo,BAJO_SECO,17.6435891, -101.64012811,
Ixtapa,Ixtapa_Zihuatanejo,CALETA_DE_CHON,17.6154404,-101.554954,
Ixtapa,Ixtapa_Zihuatanejo,GATAS,17.6230833,-101.551641,
Ixtapa,Ixtapa_Zihuatanejo,MORRO_TIERRA,17.6514159,-101.604708,
Ixtapa,Ixtapa_Zihuatanejo,MORROS_POTOSI_ESTE,17.5334544,-101.491777,
Ixtapa,Ixtapa_Zihuatanejo,MORROS_POTOSI_OESTE,17.5341687,-101.499826,
Ixtapa,Ixtapa_Zihuatanejo,PIEDRA_SOLITARIA,17.5995047,-101.567563,
Ixtapa,Ixtapa_Zihuatanejo,SACRAMENTO_BAJO,17.6308911,-101.612917,
Ixtapa,Ixtapa_Zihuatanejo,TINTORERA_BAJO,17.6887723,-101.660301,
Ixtapa,Ixtapa_Zihuatanejo,ZACATOSO,17.6536922,-101.622251,
Ixtapa,Ixtapa_Zihuatanejo,CHATO,17.649325,-101.62148,
Ixtapa,Ixtapa_Zihuatanejo,MANZANILLO,17.620064,-101.524238,
Ixtapa,Ixtapa_Zihuatanejo,MORRO_COLORADO,17.679751,-101.658526,
Ixtapa,Ixtapa_Zihuatanejo,PLAYA_CORAL,17.674902,-101.656472,
Ixtapa,Ixtapa_Zihuatanejo,TORRECILLAS,17.645707,-101.63241,
Revillagigedo,Socorro,SOCORRO_2,18.753841,-110.914705,area protegida
Revillagigedo,Socorro,SOCORRO_3,18.799385,-110.915203,area protegida
Revillagigedo,Socorro,SOCORRO_4,18.840869,-110.94622,area protegida
Revillagigedo,Socorro,SOCORRO_7,18.76745,-111.022493,area protegida
Revillagigedo,Socorro,SOCORRO_8,18.800434,-111.045562,area protegida
Revillagigedo,Socorro,SOCORRO_9,18.733558,-110.964169,area protegida
Revillagigedo,Socorro,SOCORRO_10,18.733894,-110.918752,area protegida
Revillagigedo,San Benedicto,SAN_BENEDICTO_14,19.332361,-110.79392,area protegida
Revillagigedo,San Benedicto,SAN_BENEDICTO_16,19.304053,-110.795274,area protegida
Revillagigedo,San Benedicto,SAN_BENEDICTO_17,19.331989,-110.801966,area protegida
Revillagigedo,San Benedicto,SAN_BENEDICTO_18,19.316361,-110.814351,area protegida
Revillagigedo,San Benedicto,SAN_BENEDICTO_19,19.308435,-110.818939,area protegida
Revillagigedo,San Benedicto,SAN_BENEDICTO_CUEVITAS,19.325046,-110.790786,area protegida
Revillagigedo,San Benedicto,SAN_BENEDICTO_FONDEADERO,19.296479,-110.813837,area protegida
Revillagigedo,San Benedicto,SAN_BENEDICTO_OESTE,19.326607,-110.80843,area protegida
Revillagigedo,San Benedicto,SAN_BENEDICTO_OESTE_NORTE,19.329241,-110.802114,area protegida
Revillagigedo,San Benedicto,SAN_BENEDICTO_OESTE_SUR,19.318574,-110.810897,area protegida
